Title,FirstName,Surname,MobileNumber,Unique ID
Nii,Lucius,Ted,2.33523E+11,26A-96
Naa,Julia,ujslks,2.33523E+11,26A-97
Mr,jasla,nalds,2.33523E+11,26A-98
Nii,jdjdj,dslnk,2.33523E+11,26A-99
Nii,ljsanlojaj,kldsn,2.33523E+11,26A-100
Naa,"lms;,m",lmd;as,2.33523E+11,26A-101
Mr,nz zc,dskn,2.33523E+11,26A-102
Mr,Julius,Leslie,2.33523E+11,26A-93
Nii,Lucius,Ted,2.33523E+11,26A-96
Naa,Julia,ujslks,2.33523E+11,26A-97
Mr,jasla,nalds,2.33523E+11,26A-98
Nii,jdjdj,dslnk,2.33523E+11,26A-99
Nii,ljsanlojaj,kldsn,2.33523E+11,26A-100
Naa,"lms;,m",lmd;as,2.33523E+11,26A-101
Mr,nz zc,dskn,2.33523E+11,26A-102
Mr,Julius,Leslie,2.33523E+11,26A-93
Nii,Lucius,Ted,2.33523E+11,26A-96
Naa,Julia,ujslks,2.33523E+11,26A-97
Mr,jasla,nalds,2.33523E+11,26A-98
Nii,jdjdj,dslnk,2.33523E+11,26A-99
Nii,ljsanlojaj,kldsn,2.33523E+11,26A-100
Naa,"lms;,m",lmd;as,2.33523E+11,26A-101
Mr,nz zc,dskn,2.33523E+11,26A-102
Mr,Julius,Leslie,2.33523E+11,26A-93
Nii,Lucius,Ted,2.33523E+11,26A-96
Naa,Julia,ujslks,2.33523E+11,26A-97
Mr,jasla,nalds,2.33523E+11,26A-98
Nii,jdjdj,dslnk,2.33523E+11,26A-99
Nii,ljsanlojaj,kldsn,2.33523E+11,26A-100
Naa,"lms;,m",lmd;as,2.33523E+11,26A-101
Mr,nz zc,dskn,2.33523E+11,26A-102
Mr,Julius,Leslie,2.33523E+11,26A-93
Nii,Lucius,Ted,2.33523E+11,26A-96
Naa,Julia,ujslks,2.33523E+11,26A-97
Mr,jasla,nalds,2.33523E+11,26A-98
Nii,jdjdj,dslnk,2.33523E+11,26A-99
Nii,ljsanlojaj,kldsn,2.33523E+11,26A-100
Naa,"lms;,m",lmd;as,2.33523E+11,26A-101
Mr,nz zc,dskn,2.33523E+11,26A-102
Mr,Julius,Leslie,2.33523E+11,26A-93
Nii,Lucius,Ted,2.33523E+11,26A-96
Naa,Julia,ujslks,2.33523E+11,26A-97
Mr,jasla,nalds,2.33523E+11,26A-98
Nii,jdjdj,dslnk,2.33523E+11,26A-99
Nii,ljsanlojaj,kldsn,2.33523E+11,26A-100
Naa,"lms;,m",lmd;as,2.33523E+11,26A-101
Mr,nz zc,dskn,2.33523E+11,26A-102
Mr,Julius,Leslie,2.33523E+11,26A-93
Nii,Lucius,Ted,2.33523E+11,26A-96
Naa,Julia,ujslks,2.33523E+11,26A-97
Mr,jasla,nalds,2.33523E+11,26A-98
Nii,jdjdj,dslnk,2.33523E+11,26A-99
Nii,ljsanlojaj,kldsn,2.33523E+11,26A-100
Naa,"lms;,m",lmd;as,2.33523E+11,26A-101
Mr,nz zc,dskn,2.33523E+11,26A-102
Mr,Julius,Leslie,2.33523E+11,26A-93
Nii,Lucius,Ted,2.33523E+11,26A-96
Naa,Julia,ujslks,2.33523E+11,26A-97
Mr,jasla,nalds,2.33523E+11,26A-98
Nii,jdjdj,dslnk,2.33523E+11,26A-99
Nii,ljsanlojaj,kldsn,2.33523E+11,26A-100
Naa,"lms;,m",lmd;as,2.33523E+11,26A-101
Mr,nz zc,dskn,2.33523E+11,26A-102
Mr,Julius,Leslie,2.33523E+11,26A-93
Nii,Lucius,Ted,2.33523E+11,26A-96
Naa,Julia,ujslks,2.33523E+11,26A-97
Mr,jasla,nalds,2.33523E+11,26A-98
Nii,jdjdj,dslnk,2.33523E+11,26A-99
Nii,ljsanlojaj,kldsn,2.33523E+11,26A-100
Naa,"lms;,m",lmd;as,2.33523E+11,26A-101
Mr,nz zc,dskn,2.33523E+11,26A-102
Mr,Julius,Leslie,2.33523E+11,26A-93
Nii,Lucius,Ted,2.33523E+11,26A-96
Naa,Julia,ujslks,2.33523E+11,26A-97
Mr,jasla,nalds,2.33523E+11,26A-98
Nii,jdjdj,dslnk,2.33523E+11,26A-99
Nii,ljsanlojaj,kldsn,2.33523E+11,26A-100
Naa,"lms;,m",lmd;as,2.33523E+11,26A-101
Mr,nz zc,dskn,2.33523E+11,26A-102
Mr,Julius,Leslie,2.33523E+11,26A-93
Nii,Lucius,Ted,2.33523E+11,26A-96
Naa,Julia,ujslks,2.33523E+11,26A-97
Mr,jasla,nalds,2.33523E+11,26A-98
Nii,jdjdj,dslnk,2.33523E+11,26A-99
Nii,ljsanlojaj,kldsn,2.33523E+11,26A-100
Naa,"lms;,m",lmd;as,2.33523E+11,26A-101
Mr,nz zc,dskn,2.33523E+11,26A-102
Mr,Julius,Leslie,2.33523E+11,26A-93
Nii,Lucius,Ted,2.33523E+11,26A-96
Naa,Julia,ujslks,2.33523E+11,26A-97
Mr,jasla,nalds,2.33523E+11,26A-98
Nii,jdjdj,dslnk,2.33523E+11,26A-99
Nii,ljsanlojaj,kldsn,2.33523E+11,26A-100
Naa,"lms;,m",lmd;as,2.33523E+11,26A-101
Mr,nz zc,dskn,2.33523E+11,26A-102
Mr,Julius,Leslie,2.33523E+11,26A-93
Nii,Lucius,Ted,2.33523E+11,26A-96
Naa,Julia,ujslks,2.33523E+11,26A-97
Mr,jasla,nalds,2.33523E+11,26A-98
Nii,jdjdj,dslnk,2.33523E+11,26A-99
Nii,ljsanlojaj,kldsn,2.33523E+11,26A-100
Naa,"lms;,m",lmd;as,2.33523E+11,26A-101
Mr,nz zc,dskn,2.33523E+11,26A-102
Mr,Julius,Leslie,2.33523E+11,26A-93
Nii,Lucius,Ted,2.33523E+11,26A-96
Naa,Julia,ujslks,2.33523E+11,26A-97
Mr,jasla,nalds,2.33523E+11,26A-98
Nii,jdjdj,dslnk,2.33523E+11,26A-99
Nii,ljsanlojaj,kldsn,2.33523E+11,26A-100
Naa,"lms;,m",lmd;as,2.33523E+11,26A-101
Mr,nz zc,dskn,2.33523E+11,26A-102
Mr,Julius,Leslie,2.33523E+11,26A-93
Nii,Lucius,Ted,2.33523E+11,26A-96
Naa,Julia,ujslks,2.33523E+11,26A-97
Mr,jasla,nalds,2.33523E+11,26A-98
Nii,jdjdj,dslnk,2.33523E+11,26A-99
Nii,ljsanlojaj,kldsn,2.33523E+11,26A-100
Naa,"lms;,m",lmd;as,2.33523E+11,26A-101
Mr,nz zc,dskn,2.33523E+11,26A-102
Mr,Julius,Leslie,2.33523E+11,26A-93
Nii,Lucius,Ted,2.33523E+11,26A-96
Naa,Julia,ujslks,2.33523E+11,26A-97
Mr,jasla,nalds,2.33523E+11,26A-98
Nii,jdjdj,dslnk,2.33523E+11,26A-99
Nii,ljsanlojaj,kldsn,2.33523E+11,26A-100
Naa,"lms;,m",lmd;as,2.33523E+11,26A-101
Mr,nz zc,dskn,2.33523E+11,26A-102
Mr,Julius,Leslie,2.33523E+11,26A-93
Nii,Lucius,Ted,2.33523E+11,26A-96
Naa,Julia,ujslks,2.33523E+11,26A-97
Mr,jasla,nalds,2.33523E+11,26A-98
Nii,jdjdj,dslnk,2.33523E+11,26A-99
Nii,ljsanlojaj,kldsn,2.33523E+11,26A-100
Naa,"lms;,m",lmd;as,2.33523E+11,26A-101
Mr,nz zc,dskn,2.33523E+11,26A-102
Mr,Julius,Leslie,2.33523E+11,26A-93
Nii,Lucius,Ted,2.33523E+11,26A-96
Naa,Julia,ujslks,2.33523E+11,26A-97
Mr,jasla,nalds,2.33523E+11,26A-98
Nii,jdjdj,dslnk,2.33523E+11,26A-99
Nii,ljsanlojaj,kldsn,2.33523E+11,26A-100
Naa,"lms;,m",lmd;as,2.33523E+11,26A-101
Mr,nz zc,dskn,2.33523E+11,26A-102
Mr,Julius,Leslie,2.33523E+11,26A-93
Nii,Lucius,Ted,2.33523E+11,26A-96
Naa,Julia,ujslks,2.33523E+11,26A-97
Mr,jasla,nalds,2.33523E+11,26A-98
Nii,jdjdj,dslnk,2.33523E+11,26A-99
Nii,ljsanlojaj,kldsn,2.33523E+11,26A-100
Naa,"lms;,m",lmd;as,2.33523E+11,26A-101
Mr,nz zc,dskn,2.33523E+11,26A-102
Mr,Julius,Leslie,2.33523E+11,26A-93
Nii,Lucius,Ted,2.33523E+11,26A-96
Naa,Julia,ujslks,2.33523E+11,26A-97
Mr,jasla,nalds,2.33523E+11,26A-98
Nii,jdjdj,dslnk,2.33523E+11,26A-99
Nii,ljsanlojaj,kldsn,2.33523E+11,26A-100
Naa,"lms;,m",lmd;as,2.33523E+11,26A-101
Mr,nz zc,dskn,2.33523E+11,26A-102
Mr,Julius,Leslie,2.33523E+11,26A-93
Nii,Lucius,Ted,2.33523E+11,26A-96
Naa,Julia,ujslks,2.33523E+11,26A-97
Mr,jasla,nalds,2.33523E+11,26A-98
Nii,jdjdj,dslnk,2.33523E+11,26A-99
Nii,ljsanlojaj,kldsn,2.33523E+11,26A-100
Naa,"lms;,m",lmd;as,2.33523E+11,26A-101
Mr,nz zc,dskn,2.33523E+11,26A-102
Mr,Julius,Leslie,2.33523E+11,26A-93
Nii,Lucius,Ted,2.33523E+11,26A-96
Naa,Julia,ujslks,2.33523E+11,26A-97
Mr,jasla,nalds,2.33523E+11,26A-98
Nii,jdjdj,dslnk,2.33523E+11,26A-99
Nii,ljsanlojaj,kldsn,2.33523E+11,26A-100
Naa,"lms;,m",lmd;as,2.33523E+11,26A-101
Mr,nz zc,dskn,2.33523E+11,26A-102
Mr,Julius,Leslie,2.33523E+11,26A-93
Nii,Lucius,Ted,2.33523E+11,26A-96
Naa,Julia,ujslks,2.33523E+11,26A-97
Mr,jasla,nalds,2.33523E+11,26A-98
Nii,jdjdj,dslnk,2.33523E+11,26A-99
Nii,ljsanlojaj,kldsn,2.33523E+11,26A-100
Naa,"lms;,m",lmd;as,2.33523E+11,26A-101
Mr,nz zc,dskn,2.33523E+11,26A-102
Mr,Julius,Leslie,2.33523E+11,26A-93
Nii,Lucius,Ted,2.33523E+11,26A-96
Naa,Julia,ujslks,2.33523E+11,26A-97
Mr,jasla,nalds,2.33523E+11,26A-98
Nii,jdjdj,dslnk,2.33523E+11,26A-99
Nii,ljsanlojaj,kldsn,2.33523E+11,26A-100
Naa,"lms;,m",lmd;as,2.33523E+11,26A-101
Mr,nz zc,dskn,2.33523E+11,26A-102
Mr,Julius,Leslie,2.33523E+11,26A-93
Nii,Lucius,Ted,2.33523E+11,26A-96
Naa,Julia,ujslks,2.33523E+11,26A-97
Mr,jasla,nalds,2.33523E+11,26A-98
Nii,jdjdj,dslnk,2.33523E+11,26A-99
Nii,ljsanlojaj,kldsn,2.33523E+11,26A-100
Naa,"lms;,m",lmd;as,2.33523E+11,26A-101
Mr,nz zc,dskn,2.33523E+11,26A-102
Mr,Julius,Leslie,2.33523E+11,26A-93
Nii,Lucius,Ted,2.33523E+11,26A-96
Naa,Julia,ujslks,2.33523E+11,26A-97
Mr,jasla,nalds,2.33523E+11,26A-98
Nii,jdjdj,dslnk,2.33523E+11,26A-99
Nii,ljsanlojaj,kldsn,2.33523E+11,26A-100
Naa,"lms;,m",lmd;as,2.33523E+11,26A-101
Mr,nz zc,dskn,2.33523E+11,26A-102
Mr,Julius,Leslie,2.33523E+11,26A-93
Nii,Lucius,Ted,2.33523E+11,26A-96
Naa,Julia,ujslks,2.33523E+11,26A-97
Mr,jasla,nalds,2.33523E+11,26A-98
Nii,jdjdj,dslnk,2.33523E+11,26A-99
Nii,ljsanlojaj,kldsn,2.33523E+11,26A-100
Naa,"lms;,m",lmd;as,2.33523E+11,26A-101
Mr,nz zc,dskn,2.33523E+11,26A-102
Mr,Julius,Leslie,2.33523E+11,26A-93
Nii,Lucius,Ted,2.33523E+11,26A-96
Naa,Julia,ujslks,2.33523E+11,26A-97
Mr,jasla,nalds,2.33523E+11,26A-98
Nii,jdjdj,dslnk,2.33523E+11,26A-99
Nii,ljsanlojaj,kldsn,2.33523E+11,26A-100
Naa,"lms;,m",lmd;as,2.33523E+11,26A-101
Mr,nz zc,dskn,2.33523E+11,26A-102
Mr,Julius,Leslie,2.33523E+11,26A-93
Nii,Lucius,Ted,2.33523E+11,26A-96
Naa,Julia,ujslks,2.33523E+11,26A-97
Mr,jasla,nalds,2.33523E+11,26A-98
Nii,jdjdj,dslnk,2.33523E+11,26A-99
Nii,ljsanlojaj,kldsn,2.33523E+11,26A-100
Naa,"lms;,m",lmd;as,2.33523E+11,26A-101
Mr,nz zc,dskn,2.33523E+11,26A-102
Mr,Julius,Leslie,2.33523E+11,26A-93
Nii,Lucius,Ted,2.33523E+11,26A-96
Naa,Julia,ujslks,2.33523E+11,26A-97
Mr,jasla,nalds,2.33523E+11,26A-98
Nii,jdjdj,dslnk,2.33523E+11,26A-99
Nii,ljsanlojaj,kldsn,2.33523E+11,26A-100
Naa,"lms;,m",lmd;as,2.33523E+11,26A-101
Mr,nz zc,dskn,2.33523E+11,26A-102
Mr,Julius,Leslie,2.33523E+11,26A-93
Nii,Lucius,Ted,2.33523E+11,26A-96
Naa,Julia,ujslks,2.33523E+11,26A-97
Mr,jasla,nalds,2.33523E+11,26A-98
Nii,jdjdj,dslnk,2.33523E+11,26A-99
Nii,ljsanlojaj,kldsn,2.33523E+11,26A-100
Naa,"lms;,m",lmd;as,2.33523E+11,26A-101
Mr,nz zc,dskn,2.33523E+11,26A-102
Mr,Julius,Leslie,2.33523E+11,26A-93
Nii,Lucius,Ted,2.33523E+11,26A-96
Naa,Julia,ujslks,2.33523E+11,26A-97
Mr,jasla,nalds,2.33523E+11,26A-98
Nii,jdjdj,dslnk,2.33523E+11,26A-99
Nii,ljsanlojaj,kldsn,2.33523E+11,26A-100
Naa,"lms;,m",lmd;as,2.33523E+11,26A-101
Mr,nz zc,dskn,2.33523E+11,26A-102
Mr,Julius,Leslie,2.33523E+11,26A-93
Nii,Lucius,Ted,2.33523E+11,26A-96
Naa,Julia,ujslks,2.33523E+11,26A-97
Mr,jasla,nalds,2.33523E+11,26A-98
Nii,jdjdj,dslnk,2.33523E+11,26A-99
Nii,ljsanlojaj,kldsn,2.33523E+11,26A-100
Naa,"lms;,m",lmd;as,2.33523E+11,26A-101
Mr,nz zc,dskn,2.33523E+11,26A-102
Mr,Julius,Leslie,2.33523E+11,26A-93
Nii,Lucius,Ted,2.33523E+11,26A-96
Naa,Julia,ujslks,2.33523E+11,26A-97
Mr,jasla,nalds,2.33523E+11,26A-98
Nii,jdjdj,dslnk,2.33523E+11,26A-99
Nii,ljsanlojaj,kldsn,2.33523E+11,26A-100
Naa,"lms;,m",lmd;as,2.33523E+11,26A-101
Mr,nz zc,dskn,2.33523E+11,26A-102
Mr,Julius,Leslie,2.33523E+11,26A-93
Nii,Lucius,Ted,2.33523E+11,26A-96
Naa,Julia,ujslks,2.33523E+11,26A-97
Mr,jasla,nalds,2.33523E+11,26A-98
Nii,jdjdj,dslnk,2.33523E+11,26A-99
Nii,ljsanlojaj,kldsn,2.33523E+11,26A-100
Naa,"lms;,m",lmd;as,2.33523E+11,26A-101
Mr,nz zc,dskn,2.33523E+11,26A-102
Mr,Julius,Leslie,2.33523E+11,26A-93
Nii,Lucius,Ted,2.33523E+11,26A-96
Naa,Julia,ujslks,2.33523E+11,26A-97
Mr,jasla,nalds,2.33523E+11,26A-98
Nii,jdjdj,dslnk,2.33523E+11,26A-99
